Date,Close,Volume,log_price,diff_log_price,cum_diff_log_price,predicted_log_price,real_log_price,tomorrow_price,predicted_price_today
2023-03-30,273.829987,36451600,5.612507428405877,0.014678252476081788,1.8082923978887129,0.0,0.0,274.829987,
2023-03-31,277.769989,43393300,5.626793393526956,0.014285965121079158,1.822578363009792,0.0,0.0,278.769989,274.829987
2023-04-03,279.649994,39871600,5.633538799812206,0.006745406285250333,1.8293237692950424,0.0,0.0,280.649994,278.769989
2023-04-04,274.529999,36859200,5.615060540952808,-0.0184782588593988,1.8108455104356436,0.0,0.0,275.529999,280.649994
2023-04-05,268.809998,51501500,5.594004802897756,-0.021055738055051343,1.7897897723805922,-0.15417520701885223,0.017676960676908493,269.6671198340936,275.529999
2023-04-06,270.369995,39765400,5.599791372775026,0.005786569877269443,1.7955763422578617,-0.15179412066936493,0.023463530465960503,271.22916014687934,269.6671198340936
2023-04-10,275.790009,39527900,5.619639739177298,0.01984836640227261,1.8154247086601343,-0.15216057002544403,0.04331189766526222,276.648859364044,271.22916014687934
2023-04-11,271.690002,31437800,5.604661717816338,-0.01497802136096027,1.800446687299174,-0.15421710908412933,0.0283338762819767,272.547087919671,276.648859364044
2023-04-12,264.950012,44625900,5.579541174230335,-0.02512054358600313,1.7753261437131709,-0.16103236377239227,0.0032133322674781084,265.80127652053017,272.547087919671
2023-04-13,264.630005,35361500,5.57833264283309,-0.0012085313972445277,1.7741176123159264,-0.16716031730175018,0.0020048008300364017,265.4760689617725,265.80127652053017
2023-04-14,267.579987,39566000,5.589418538461871,0.011085895628780484,1.7852035079447068,-0.16798733174800873,0.013090696185827255,268.42535154390794,265.4760689617725
2023-04-17,270.019989,32147100,5.598495989591376,0.009077451129504865,1.7942809590742117,-0.16878585517406464,0.022168148308992386,270.8646787699633,268.42535154390794
2023-04-18,276.670013,60481200,5.622825507230111,0.024329517638735254,1.818610476712947,-0.17489014565944672,0.04649766534566879,277.5095622438321,270.8646787699633
2023-04-19,279.309998,35866000,5.63232226894489,0.009496761714778756,1.8281072384277257,-0.17536930739879608,0.0559944286942482,280.1491450603193,277.5095622438321
2023-04-20,271.040009,42771300,5.60226644466912,-0.03005582427576936,1.7980514141519564,-0.1674993485212326,0.025938602164387703,271.88578616829454,280.1491450603193
2023-04-21,271.190002,34510300,5.60281968960497,0.0005532449358494063,1.7986046590878058,-0.16135244071483612,0.02649184688925743,272.0409940939862,271.88578616829454
2023-04-24,270.420013,33928200,5.599976354003978,-0.0028433356009918143,1.795761323486814,-0.15700696408748627,0.023648511618375778,271.27471110660457,272.0409940939862
2023-04-25,262.410004,37852700,5.5699081813431945,-0.030068172660783432,1.7656931508260305,-0.15421651303768158,-0.006419660523533821,263.2670904305342,271.27471110660457
2023-04-26,269.559998,40633700,5.5967909926585175,0.026882811315322996,1.7925759621413535,-0.16159968078136444,0.02046314999461174,270.41077972065176,263.2670904305342
2023-04-27,272.26001,37716100,5.606757528813923,0.00996653615540577,1.8025424982967593,-0.1704729050397873,0.030429687350988388,273.10327593757614,270.41077972065176
2023-04-28,277.48999,29168700,5.6257848604638045,0.01902733164988124,1.8215698299466405,-0.17076526582241058,0.049457017332315445,278.3330094357221,273.10327593757614
2023-05-01,289.100006,57032900,5.666772669776365,0.04098780931256041,1.862557639259201,-0.16917811334133148,0.09044482558965683,289.9443644984784,278.3330094357221
2023-05-02,282.100006,40273000,5.642261639277004,-0.024511030499360764,1.8380466087598402,-0.1621614545583725,0.06593379378318787,282.950309908015,289.9443644984784
2023-05-03,278.019989,38338700,5.627693013983447,-0.01456862529355707,1.823477983466283,-0.14759473502635956,0.05136517062783241,278.8827696988974,282.950309908015
2023-05-04,275.619995,32185000,5.61902308730608,-0.008669926677367101,1.814808056788916,-0.13991789519786835,0.04269524663686752,276.4894246168151,278.8827696988974
2023-05-05,286.799988,36101400,5.658785066884461,0.03976197957838057,1.8545700363672966,-0.1342741698026657,0.08245722204446793,287.67433831128596,276.4894246168151
2023-05-08,291.51001,34497900,5.675074344823598,0.016289277939137037,1.8708593143064336,-0.12735210359096527,0.09874650090932846,292.3904336176973,287.67433831128596
2023-05-09,285.709991,31486900,5.654977278873795,-0.02009706594980276,1.8507622483566308,-0.1301829069852829,0.07864943891763687,286.58792583581993,292.3904336176973
2023-05-10,288.850006,36935000,5.665907542999301,0.010930264125506461,1.8616925124821373,-0.12919674813747406,0.08957970142364502,289.7288070460663,286.58792583581993
2023-05-11,285.779999,32214900,5.655222280541628,-0.010685262457672984,1.8510072500244643,-0.12247328460216522,0.07889443635940552,286.6647285405294,289.7288070460663
2023-05-12,283.399994,27402700,5.646859306085091,-0.008362974456537664,1.8426442755679266,-0.1122535914182663,0.070531465113163,284.29381156429406,286.6647285405294
2023-05-15,289.529999,29392600,5.668258915133281,0.02139960904819027,1.864043884616117,-0.11279277503490448,0.09193107485771179,290.4233347624086,284.29381156429406
2023-05-16,292.130005,44940500,5.677198925788846,0.008940010655565267,1.8729838952716822,-0.11608664691448212,0.10087108612060547,293.0204030697095,290.4233347624086
2023-05-17,301.779999,43253500,5.709698271771833,0.03249934598298676,1.905483241254669,-0.11259584128856659,0.13337042927742004,302.67351070769126,293.0204030697095
2023-05-18,316.779999,74872500,5.758207523477509,0.04850925170567599,1.953992492960345,-0.1080433577299118,0.1818796843290329,317.67758767817924,302.67351070769126
2023-05-19,312.640015,47312400,5.745052416832922,-0.013155106644586745,1.9408373863157582,-0.09345577657222748,0.16872458159923553,313.5507932942737,317.67758767817924
2023-05-22,311.76001,37200000,5.742233693106409,-0.0028187237265129284,1.9380186625892453,-0.0750751942396164,0.16590584814548492,312.6876837279853,313.5507932942737
2023-05-23,306.880005,35625300,5.726456807988087,-0.015776885118322426,1.9222417774709228,-0.060076575726270676,0.15012896060943604,307.8216974200422,312.6876837279853
2023-05-24,305.380005,72141900,5.721556919128409,-0.004899888859678292,1.9173418886112445,-0.04601721093058586,0.14522907137870789,306.33503052517125,307.8216974200422
2023-05-25,379.799988,154391100,5.939644766782608,0.21808784765419986,2.1354297362654444,-0.03903649374842644,0.36331692337989807,380.7617036118983,306.33503052517125
2023-05-26,389.459991,71439700,5.964761141164512,0.02511637438190384,2.1605461106473483,-0.016256671398878098,0.3884333074092865,390.44386575513386,380.7617036118983
2023-05-30,401.109985,92340100,5.994235666507542,0.029474525343029967,2.190020635990378,0.017964202910661697,0.41790783405303955,402.1281115297711,390.44386575513386
2023-05-31,378.339996,100258000,5.935793251665016,-0.05844241484252599,2.1315782211478522,0.06437964737415314,0.35946542024612427,379.4064932147801,402.1281115297711
2023-06-01,397.700012,63587300,5.985697982387142,0.04990473072212609,2.1814829518699783,0.11714304983615875,0.40937015414237976,398.8242922462929,379.4064932147801
2023-06-02,393.269989,48165500,5.974496370907222,-0.011201611479920714,2.1702813403900576,0.19615007936954498,0.39816853404045105,394.4866984946264,398.8242922462929
2023-06-05,391.709991,39609400,5.970521747111875,-0.00397462379534641,2.166306716594711,0.20686812698841095,0.3941939175128937,392.93981138096933,394.4866984946264
2023-06-06,386.540009,38872900,5.957235378840811,-0.01328636827106422,2.153020348323647,0.20976455509662628,0.3809075355529785,387.7733966309365,392.93981138096933
2023-06-07,374.75,51199800,5.926259136982707,-0.030976241858104103,2.122044106465543,0.19775690138339996,0.3499312996864319,375.96866610176556,387.7733966309365
2023-06-08,385.100006,41777200,5.953503056401232,0.027243919418524776,2.1492880258840676,0.20281310379505157,0.3771752119064331,386.32484952824706,375.96866610176556
2023-06-09,387.700012,42722000,5.96023187562865,0.006728819227418192,2.156016845111486,0.1938353329896927,0.38390403985977173,388.91390837781046,386.32484952824706
2023-06-12,394.820007,38870100,5.978429982567119,0.01819810693846957,2.1742149520499554,0.18873275816440582,0.40210214257240295,396.0277251565355,388.91390837781046
2023-06-13,410.220001,61320800,6.016693603591474,0.03826362102435432,2.2124785730743097,0.1867014318704605,0.4403657615184784,411.42526837689775,396.0277251565355
2023-06-14,429.970001,74046500,6.063715441137631,0.04702183754615685,2.2595004106204666,0.19473357498645782,0.48738759756088257,431.18498824037266,411.42526837689775
2023-06-15,426.529999,56862200,6.055682702090046,-0.008032739047584947,2.2514676715728816,0.22470887005329132,0.4793548583984375,427.7819571806124,431.18498824037266
2023-06-16,426.920013,65475500,6.0565966724964335,0.000913970406387854,2.2523816419792695,0.2478923350572586,0.48026883602142334,428.2013349713107,427.7819571806124
2023-06-20,438.079987,45115300,6.082401512425139,0.025804839928705192,2.2781864819079747,0.2731400430202484,0.5060736536979675,439.3940712602681,428.2013349713107
2023-06-21,430.450012,55160300,6.064831200981765,-0.0175703114433734,2.2606161704646013,0.30136194825172424,0.4885033667087555,431.80171049791625,439.3940712602681
2023-06-22,430.25,41773700,6.064366435091649,-0.0004647658901166807,2.2601514045744846,0.3177747428417206,0.4880385994911194,431.6240667080024,431.80171049791625
2023-06-23,422.089996,35632300,6.045218551962696,-0.019147883128952436,2.241003521445532,0.3175663650035858,0.4688906967639923,423.4637764127821,431.6240667080024
2023-06-26,406.320007,59432200,6.00714104372079,-0.03807750824190581,2.2029260132036264,0.3173880875110626,0.430813193321228,407.6935425204849,423.4637764127821
2023-06-27,418.76001,46217500,6.037297987331181,0.030156943610390563,2.233082956814017,0.31106749176979065,0.4609701335430145,420.1248913363346,407.6935425204849
2023-06-28,411.170013,58263900,6.019006785898098,-0.01829120143308316,2.2147917553809338,0.29822733998298645,0.44267895817756653,412.5174810864331,420.1248913363346
2023-06-29,408.220001,38051400,6.0118062472155565,-0.007200538682541335,2.2075912166983924,0.28718510270118713,0.43547841906547546,409.55267187162457,412.5174810864331
2023-06-30,423.019989,50053400,6.04741943324893,0.03561318603337327,2.2432044027317657,0.2725488841533661,0.4710915982723236,424.33329665727626,409.55267187162457
2023-07-03,424.130005,19820900,6.050040023801049,0.002620590552119495,2.245824993283885,0.26809754967689514,0.47371217608451843,425.43747967752654,424.33329665727626
2023-07-05,423.170013,32361800,6.047774020283088,-0.002266003517961579,2.2435589897659236,0.27930161356925964,0.4714461863040924,424.4922190790293,425.43747967752654
2023-07-06,421.029999,30358200,6.042704087675822,-0.005069932607265848,2.2384890571586578,0.2792872488498688,0.46637624502182007,422.3521860860464,424.4922190790293
2023-07-07,425.029999,35525300,6.052159752315704,0.009455664639881789,2.2479447217985395,0.28553375601768494,0.47583189606666565,426.36047098606133,422.3521860860464
2023-07-10,421.799988,35390800,6.044531239595171,-0.007628512720532221,2.2403162090780073,0.2984860837459564,0.4682033956050873,423.14780478050557,426.36047098606133
2023-07-11,424.049988,29824400,6.049851344509159,0.005320104913987933,2.2456363139919953,0.29819121956825256,0.47352349758148193,425.39740741620597,423.14780478050557
2023-07-12,439.019989,48127700,6.084544945068187,0.03469360055902815,2.2803299145510234,0.29761388897895813,0.5082170963287354,440.36663073427184,425.39740741620597
2023-07-13,459.769989,47820400,6.1307263405164525,0.04618139544826505,2.3265113099992885,0.30367788672447205,0.5543984770774841,461.12482157623657,440.36663073427184
2023-07-14,454.690002,77066400,6.119615872465185,-0.011110468051267475,2.315400841948021,0.3212730586528778,0.5432880520820618,456.0688840451667,461.12482157623657
2023-07-17,464.609985,51048800,6.14119831171105,0.021582439245865004,2.336983281193886,0.33550581336021423,0.5648704767227173,466.0086326610058,456.0688840451667
2023-07-18,474.940002,57019000,6.163188484477715,0.021990172766664706,2.3589734539605507,0.3590657413005829,0.5868606567382812,476.37199293942405,466.0086326610058
2023-07-19,470.769989,42750200,6.154369628664453,-0.008818855813261806,2.350154598147289,0.3896287977695465,0.5780417919158936,472.24642163706244,476.37199293942405
2023-07-20,455.200012,53786500,6.12073690917416,-0.033632719490293006,2.316521878656996,0.4108552038669586,0.5444090962409973,456.70811897269004,472.24642163706244
2023-07-21,443.089996,96283200,6.093772900654251,-0.026964008519908766,2.289557870137087,0.4102265536785126,0.5174450874328613,444.5971551988977,456.70811897269004
2023-07-24,446.119995,38251600,6.100587962918589,0.006815062264338145,2.2963729324014253,0.4101392924785614,0.5242601037025452,447.6270226881155,444.5971551988977
2023-07-25,456.790009,34808100,6.124223786386324,0.023635823467734518,2.3200087558691598,0.4032730162143707,0.5478959679603577,458.2867244634775,447.6270226881155
2023-07-26,454.519989,36423700,6.119241892848453,-0.0049818935378711515,2.3150268623312886,0.3901304304599762,0.5429140329360962,455.9971624497308,458.2867244634775
2023-07-27,459.0,45597600,6.129050210060545,0.009808317212092632,2.3248351795433813,0.37630000710487366,0.5527223944664001,460.45688414380885,455.9971624497308
2023-07-28,467.5,33119400,6.147399348728742,0.018349138668196652,2.343184318211578,0.3749137818813324,0.5710715055465698,468.9548659734035,460.45688414380885
2023-07-31,467.290009,25105500,6.146950069208185,-0.00044927952055662246,2.3427350386910213,0.3880053460597992,0.5706222057342529,468.76404666456057,468.9548659734035
2023-08-01,465.070007,23785800,6.14218794694361,-0.00476212226457573,2.3379729164264456,0.4009842276573181,0.5658600926399231,466.563300715574,468.76404666456057
2023-08-02,442.690002,53014200,6.09286975534031,-0.049318191603299866,2.2886547248231457,0.40530404448509216,0.5165418982505798,444.18976042402045,466.563300715574
2023-08-03,445.149994,32417600,6.098411290541077,0.005541535200767278,2.294196260023913,0.4039687216281891,0.5220834612846375,446.647751098822,444.18976042402045
2023-08-04,446.799988,36225800,6.102111040337391,0.0036997497963140447,2.297896009820227,0.40009817481040955,0.5257831811904907,448.2919591644377,446.647751098822
2023-08-07,454.170013,32215400,6.1184716059155395,0.016360565578148467,2.3142565753983755,0.38884207606315613,0.5421437621116638,455.645284552244,448.2919591644377
2023-08-08,446.640015,35384300,6.101752934586199,-0.016718671329340573,2.297537904069035,0.3785163462162018,0.5254250764846802,448.1001316739858,455.645284552244
2023-08-09,425.540009,58644900,6.05335897179517,-0.04839396279102903,2.249143941278006,0.3638317286968231,0.4770311415195465,426.9788410796374,448.1001316739858
2023-08-10,423.880005,49270500,6.049450408102427,-0.003908563692743172,2.2452353775852627,0.358720988035202,0.47312256693840027,425.3115023409614,426.9788410796374
2023-08-11,408.549988,53200900,6.012614276458546,-0.036836131643880776,2.208399245941382,0.35015711188316345,0.43628641963005066,409.9692785184833,425.3115023409614
2023-08-14,437.529999,69028600,6.08114527258977,0.06853099613122371,2.2769302420726056,0.3329806625843048,0.5048174262046814,438.9251193201874,409.9692785184833
2023-08-15,439.399994,67651200,6.0854101462955255,0.0042648737057557895,2.2811951157783614,0.3177485167980194,0.5090823173522949,440.7740246721414,438.9251193201874
2023-08-16,434.859985,52745100,6.075024105713052,-0.010386040582473832,2.2708090751958876,0.3058184087276459,0.4986962676048279,436.21772073120167,440.7740246721414
2023-08-17,433.440002,45239500,6.071753382951034,-0.003270722762017897,2.2675383524338697,0.30934473872184753,0.4954255521297455,434.8025340070904,436.21772073120167
2023-08-18,432.98999,58262200,6.0707146099523595,-0.0010387729986742755,2.2664995794351954,0.31339123845100403,0.4943867623806,434.3580466627083,434.8025340070904
2023-08-21,469.670013,69257300,6.152030348116473,0.08131573816411386,2.3478153175993093,0.33497390151023865,0.5757024884223938,471.0679169015657,434.3580466627083
2023-08-22,456.679993,75720700,6.123982911480106,-0.028047436636366996,2.3197678809629423,0.3471654951572418,0.5476550459861755,458.0950438900629,471.0679169015657
2023-08-23,471.160004,77904600,6.155197747580269,0.031214836100162735,2.350982717063105,0.3539876937866211,0.5788698792457581,472.58474165324645,458.0950438900629
2023-08-24,471.630005,115604400,6.156194790473063,0.00099704289279412,2.351979759955899,0.37136903405189514,0.5798669457435608,473.07972296997957,472.58474165324645
2023-08-25,460.179993,92534100,6.131617702079947,-0.024577088393115787,2.3274026715627834,0.39339324831962585,0.5552898645401001,461.661994069183,473.07972296997957
2023-08-28,468.350006,68519200,6.149215892466072,0.0175981903861242,2.3450008619489076,0.4174107611179352,0.5728880763053894,469.86803193091686,461.661994069183
2023-08-29,487.839996,70139700,6.189987475040535,0.04077158257446367,2.3857724445233712,0.41440871357917786,0.6136596202850342,489.3534715785117,469.86803193091686
2023-08-30,492.640015,73520600,6.1997787146243875,0.009791239583852196,2.3955636841072234,0.4311521351337433,0.6234508752822876,494.17904467263236,489.3534715785117
2023-08-31,493.549988,52857000,6.201624146550251,0.0018454319258633944,2.397409116033087,0.43933334946632385,0.6252962946891785,495.1016604503682,494.17904467263236
2023-09-01,485.089996,46319100,6.184334432486472,-0.01728971406377866,2.380119401969308,0.44775745272636414,0.6080065965652466,486.6547951118635,495.1016604503682
2023-09-05,485.480011,38265300,6.185138114896149,0.0008036824096766537,2.380923084378985,0.4652111828327179,0.6088102459907532,487.0723614304562,486.6547951118635
2023-09-06,470.609985,46867000,6.154029693662732,-0.031108421233416728,2.349814663145568,0.47962531447410583,0.5777018666267395,472.22545399593116,487.0723614304562
2023-09-07,462.410004,43333000,6.136451952072233,-0.017577741590499407,2.3322369215550687,0.4740210175514221,0.5601240992546082,464.01644475012375,472.22545399593116
2023-09-08,455.720001,47306900,6.121878588024245,-0.014573364047987702,2.317663557507081,0.46020713448524475,0.5455507636070251,457.3044031353284,464.01644475012375
2023-09-11,451.779999,47396600,6.113195333465662,-0.008683254558582654,2.3089803029484983,0.44015052914619446,0.5368674993515015,453.3329399637955,457.3044031353284
2023-09-12,448.700012,34925600,6.1063545397258645,-0.006840793739797846,2.3021395092087005,0.42276373505592346,0.5300266742706299,450.2261856720295,453.3329399637955
2023-09-13,454.850006,39835500,6.1199677074592325,0.013613167733367959,2.3157526769420684,0.40030035376548767,0.5436398386955261,456.3422788401039,450.2261856720295
2023-09-14,455.809998,37009700,6.12207605163025,0.0021083441710176842,2.317861021113086,0.3890131413936615,0.545748233795166,457.2855219416466,456.3422788401039
2023-09-15,439.0,50571300,6.0844994130751715,-0.037576638555078645,2.2802843825580075,0.3830094039440155,0.508171558380127,440.46669182269136,457.2855219416466
2023-09-18,439.660004,50027100,6.08600171002991,0.001502296954738469,2.281786679512746,0.37503156065940857,0.5096738934516907,441.11504133583134,440.46669182269136
2023-09-19,435.200012,37306400,6.075805723115262,-0.01019598691464818,2.2715906925980978,0.36945560574531555,0.49947789311408997,436.6469586907469,441.11504133583134
2023-09-20,422.390015,36710800,6.045929093381592,-0.029876629733669446,2.2417140628644283,0.36456844210624695,0.46960124373435974,423.8299074770809,436.6469586907469
2023-09-21,410.170013,44893000,6.016571739601886,-0.029357353779706052,2.2123567090847223,0.3481038510799408,0.4402438998222351,411.58639233462594,423.8299074770809
2023-09-22,416.100006,47923600,6.030925630408507,0.014353890806620306,2.2267105998913426,0.32195809483528137,0.4545978009700775,417.47983295286997,411.58639233462594
2023-09-25,422.220001,41909100,6.045526507574946,0.014600877166439652,2.241311477057782,0.3095036447048187,0.46919867396354675,423.58274953878197,417.47983295286997
2023-09-26,419.109985,40228200,6.038133379510019,-0.00739312806492709,2.233918348992855,0.29669055342674255,0.4618055522441864,420.45538390594453,423.58274953878197
2023-09-27,424.679993,44493500,6.0513359276623735,0.013202548152354332,2.2471208971452095,0.2834794819355011,0.475008100271225,426.00773463734583,420.45538390594453
2023-09-28,430.890015,42466300,6.065852871923509,0.014516944261135478,2.261637841406345,0.2813381254673004,0.4895250201225281,432.21491651114917,426.00773463734583
2023-09-29,434.98999,39722100,6.075323019329662,0.009470147406153373,2.2711079888124983,0.2935134470462799,0.49899518489837646,436.3311212135424,432.21491651114917
2023-10-02,447.820007,43329800,6.104391381594473,0.029068362264810688,2.300176351077309,0.30401697754859924,0.5280635356903076,449.1752990654312,436.3311212135424
2023-10-03,435.170013,47085000,6.075736789215541,-0.028654592378932087,2.271521758698377,0.31537601351737976,0.4994089603424072,436.5407876438602,449.1752990654312
2023-10-04,440.410004,36182100,6.087706120303515,0.011969331087974489,2.2834910897863514,0.3268772065639496,0.511378288269043,441.79663519751665,436.5407876438602
2023-10-05,446.880005,39348300,6.1022901133855525,0.014583993082037061,2.2980750828683885,0.33753713965415955,0.5259622931480408,448.28149665834087,441.79663519751665
2023-10-06,457.619995,43339700,6.126039134478106,0.023749021092553946,2.3218241039609424,0.3470921814441681,0.549711287021637,459.0349421512308,448.28149665834087
2023-10-09,452.730011,40967500,6.115295945595611,-0.010743188882495147,2.3110809150784473,0.35938021540641785,0.5389680862426758,454.1624523343093,459.0349421512308
2023-10-10,457.980011,36858200,6.1268255390569495,0.011529593461338195,2.3226105085397855,0.35894209146499634,0.5504977107048035,459.41182488492643,454.1624523343093
2023-10-11,468.059998,37813700,6.14859648855532,0.021770949498370662,2.344381458038156,0.37246260046958923,0.5722686648368835,469.5113022000326,459.41182488492643
2023-10-12,469.450012,48132500,6.151561822266384,0.002965333711063778,2.34734679174922,0.38793709874153137,0.5752339959144592,470.9239490688757,469.5113022000326
2023-10-13,454.609985,47411500,6.119439875541506,-0.032121946724878114,2.315224845024342,0.4010980725288391,0.54311203956604,456.1034487290826,470.9239490688757
2023-10-16,460.950012,37509900,6.133289603277795,0.013849727736289452,2.3290745727606312,0.400481253862381,0.5569617748260498,462.442554816824,456.1034487290826
2023-10-17,439.380005,81233300,6.0853646536807044,-0.047924949597090816,2.2811496231635404,0.4071163833141327,0.5090368390083313,440.8824839589674,462.442554816824
2023-10-18,421.959991,62729400,6.044910501484572,-0.040454152196132576,2.240695470967408,0.40239283442497253,0.4685826599597931,423.45538966138025,440.8824839589674
2023-10-19,421.01001,50123300,6.04265661012181,-0.002253891362761884,2.238441579604646,0.38096150755882263,0.46632876992225647,422.47370126327553,423.45538966138025
2023-10-20,413.869995,47638100,6.025551902771033,-0.01710470735077685,2.221336872253869,0.35362741351127625,0.449224054813385,415.29421944082816,422.47370126327553
2023-10-23,429.75,47853000,6.063203644262958,0.03765174149192507,2.258988613745794,0.33267971873283386,0.4868758022785187,431.1447005304747,415.29421944082816
2023-10-24,436.630005,40146300,6.079086165987149,0.015882521724190468,2.2748711354699847,0.3075855076313019,0.5027583241462708,437.9901421056319,431.1447005304747
2023-10-25,417.790009,39837900,6.034978935480864,-0.04410723050628462,2.2307639049637,0.29933640360832214,0.4586510956287384,419.1389723432883,437.9901421056319
2023-10-26,403.26001,54100100,5.999581540007826,-0.035397395473037996,2.195366509490662,0.2981376349925995,0.4232536852359772,404.6073572172428,419.1389723432883
2023-10-27,405.0,41678400,6.003887067106539,0.00430552709871268,2.1996720365893747,0.2912050783634186,0.4275592267513275,406.33803895865475,404.6073572172428
2023-10-30,411.609985,38802800,6.02007626265496,0.016189195548421687,2.2158612321377964,0.29214850068092346,0.443748414516449,412.9492868901152,406.33803895865475
2023-10-31,407.799988,51796900,6.010776828714165,-0.009299433940795687,2.2065617981970007,0.28153201937675476,0.4344489872455597,409.1251464263891,412.9492868901152
2023-11-01,423.25,43759300,6.047963021013245,0.037186192299079934,2.2437479904960806,0.2596626579761505,0.47163519263267517,424.54649265143235,409.1251464263891
2023-11-02,435.059998,40917200,6.075483948014489,0.027520927001244644,2.2712689174973253,0.25688090920448303,0.49915611743927,436.3528891461556,424.54649265143235
2023-11-03,450.049988,42385500,6.10935866103939,0.033874713024900416,2.3051436305222257,0.272461861371994,0.5330308079719543,451.3631813745638,436.3528891461556
2023-11-06,457.51001,40073300,6.125798764257638,0.016440103218248403,2.321583733740474,0.2951541244983673,0.5494709014892578,458.853343383316,451.3631813745638
2023-11-07,459.549988,34316500,6.130247723691617,0.004448959433978494,2.3260326931744526,0.31796398758888245,0.5539199113845825,460.9243147675158,458.853343383316
2023-11-08,465.73999,34671900,6.143627517033882,0.013379793342265245,2.339412486516718,0.35025399923324585,0.5672996640205383,467.1594180364424,460.9243147675158
2023-11-09,469.5,54049600,6.1516682986483175,0.008040781614435666,2.3474532681311535,0.37618955969810486,0.5753404498100281,470.9567232436189,467.1594180364424
2023-11-10,483.350006,42124500,6.180741041323979,0.029072742675661623,2.376526010806815,0.39790037274360657,0.6044132113456726,484.83870170784996,470.9567232436189
2023-11-13,486.200012,38413600,6.186620086563224,0.00587904523924454,2.3824050560460597,0.4150080382823944,0.6102922558784485,487.7143949136807,484.83870170784996
2023-11-14,496.559998,41695400,6.2077043180776865,0.021084231514462815,2.4034892875605225,0.4294831454753876,0.6313765048980713,498.0964611903368,487.7143949136807
2023-11-15,488.880005,47549700,6.192117070814119,-0.01558724726356786,2.3879020402969546,0.4488418400287628,0.6157892346382141,490.44650188050423,498.0964611903368
2023-11-16,494.799988,33975600,6.204153616266109,0.0120365454519904,2.399938585748945,0.4629991352558136,0.6278257966041565,496.38881996848227,490.44650188050423
2023-11-17,492.980011,32520500,6.200468627581748,-0.003684988684360846,2.396253597064584,0.4791448414325714,0.6241407990455627,494.5947039930684,496.38881996848227
2023-11-20,504.089996,41412000,6.222754815622869,0.022286188041120703,2.418539785105705,0.4853057563304901,0.6464269757270813,505.7146676865623,494.5947039930684
2023-11-21,499.440002,56574700,6.213487474757974,-0.00926734086489489,2.40927244424081,0.4947400987148285,0.6371596455574036,501.08007392685835,505.7146676865623
2023-11-22,487.160004,89942000,6.188592619429764,-0.024894855328209786,2.3843775889126,0.49459734559059143,0.6122647523880005,488.7998418181771,501.08007392685835
2023-11-24,477.76001,29464500,6.169108535281837,-0.019484084147927128,2.364893504764673,0.4968113899230957,0.5927807092666626,479.4034825140087,488.7998418181771
2023-11-27,482.420013,39566200,6.17881513087085,0.009706595589013212,2.3746001003536863,0.49078884720802307,0.6024872660636902,484.05361737606046,479.4034825140087
2023-11-28,478.209991,40149100,6.170049947737798,-0.00876518313305219,2.365834917220634,0.48792949318885803,0.5937221050262451,479.838930994559,484.05361737606046
2023-11-29,481.399994,38200500,6.176698512885324,0.0066485651475254315,2.3724834823681595,0.47323429584503174,0.6003706455230713,483.0051714253232,479.838930994559
2023-11-30,467.700012,52624700,6.147827090389313,-0.02887142249601027,2.3436120598721493,0.4603632092475891,0.571499228477478,469.28466143981365,483.0051714253232
2023-12-01,467.649994,36880900,6.147720140050452,-0.00010695033886154448,2.3435051095332877,0.4499742090702057,0.571392297744751,469.2182657377823,469.28466143981365
2023-12-04,455.100006,43754300,6.120517188206512,-0.027202951843939616,2.316302157689348,0.44649559259414673,0.5441893339157104,456.66283179953325,469.2182657377823
2023-12-05,465.660004,37171800,6.143455762684061,0.02293857447754899,2.339240732166897,0.4331355392932892,0.5671279430389404,467.2020892196774,456.66283179953325
2023-12-06,455.029999,38059000,6.1203633486456726,-0.023092414038388576,2.3161483181285085,0.4258594512939453,0.5440354943275452,456.5609045932116,467.2020892196774
2023-12-07,465.959991,35082300,6.144099774216613,0.02373642557094069,2.339884743699449,0.409592866897583,0.5677719116210938,467.46619543457933,456.5609045932116
2023-12-08,475.059998,35880300,6.163441107636952,0.01934133342033917,2.3592260771197884,0.40696752071380615,0.5871132612228394,476.56225331268934,467.46619543457933
2023-12-11,466.269989,50972800,6.14476484188892,-0.018676265748032606,2.3405498113717558,0.40660837292671204,0.5684369802474976,467.7717048778924,476.56225331268934
2023-12-12,476.570007,37238700,6.166614631505206,0.021849789616286586,2.3623996009880424,0.4145810604095459,0.5902867913246155,478.08374344370947,467.7717048778924
2023-12-13,480.880005,44779200,6.175617769128511,0.009003137623304625,2.371402738611347,0.41765737533569336,0.5992899537086487,482.3984053438602,478.08374344370947
2023-12-14,483.5,39123200,6.181051314893349,0.005433545764837788,2.3768362843761848,0.4333653748035431,0.6047234535217285,485.04243968635365,482.3984053438602
2023-12-15,488.899994,47947800,6.192157957312151,0.011106642418802437,2.387942926794987,0.4433210790157318,0.61583012342453,490.4578664542027,485.04243968635365
2023-12-18,500.769989,41258700,6.216146891872036,0.02398893455988471,2.411931861354872,0.4481513202190399,0.6398190259933472,502.33540455675706,490.4578664542027
2023-12-19,496.040009,46444400,6.206656586778269,-0.009490305093766693,2.4024415562611052,0.4667188823223114,0.6303287744522095,497.6347620271292,502.33540455675706
2023-12-20,481.109985,39789400,6.176095903010926,-0.030560683767343555,2.3718808724937617,0.4775032103061676,0.5997680425643921,482.7220294373619,497.6347620271292
2023-12-21,489.899994,30042500,6.1942012763971315,0.01810537338620577,2.3899862458799674,0.480816513299942,0.6178734302520752,491.51738848729616,482.7220294373619
2023-12-22,488.299988,25213900,6.190929946492558,-0.0032713299045736832,2.3867149159753938,0.48619982600212097,0.6146020889282227,489.92611290578645,491.51738848729616
2023-12-26,492.790009,24420000,6.200083138068986,0.009153191576428021,2.395868107551822,0.48803427815437317,0.6237552762031555,494.4191196919233,489.92611290578645
2023-12-27,494.170013,23364800,6.20287961385032,0.002796475781334351,2.398664583333156,0.4813213646411896,0.6265517473220825,495.7882242372237,494.4191196919233
2023-12-28,495.220001,24658700,6.205002110296261,0.002122496445941202,2.4007870797790973,0.476998507976532,0.6286742687225342,496.83123204005796,495.7882242372237
2023-12-29,495.220001,38869000,6.205002110296261,0.0,2.4007870797790973,0.48578599095344543,0.6286742687225342,496.84545309753236,496.83123204005796
2024-01-02,481.679993,41125400,6.177279978623723,-0.027722131672538453,2.373064948106559,0.48830077052116394,0.6009521484375,483.3095378953407,496.84545309753236
2024-01-03,475.690002,32089600,6.164766385769394,-0.012513592854328515,2.3605513552522304,0.48787885904312134,0.5884385704994202,477.31885951666203,483.3095378953407
2024-01-04,479.980011,30653500,6.173744459284811,0.008978073515416796,2.369529428767647,0.48142388463020325,0.5974166393280029,481.59838814472624,477.31885951666203
2024-01-05,490.970001,41456800,6.196383028168302,0.02263856888349114,2.3921679976511383,0.474495530128479,0.6200551986694336,492.57720420734745,481.59838814472624
2024-01-08,522.530029,64251000,6.258682453957862,0.06229942578955949,2.454467423440698,0.4696669578552246,0.6823546290397644,524.1294904164431,492.57720420734745
2024-01-09,531.400024,77310000,6.2755150784894305,0.01683262453156864,2.4713000479722664,0.4745922386646271,0.6991872191429138,533.0073826451329,524.1294904164431
2024-01-10,543.5,53379600,6.298029706561264,0.022514628071833798,2.4938146760441002,0.49436748027801514,0.7217018604278564,545.139460919664,533.0073826451329
2024-01-11,548.219971,59675900,6.3066766133401115,0.008646906778847274,2.5024615828229475,0.5266004800796509,0.7303487658500671,549.9131375603329,545.139460919664
2024-01-12,547.099976,35247900,6.304631557202113,-0.0020450561379981025,2.5004165266849494,0.5625664591789246,0.7283037304878235,548.8551473003278,549.9131375603329
2024-01-16,563.820007,44958000,6.334735064038338,0.03010350683622498,2.5305200335211744,0.5969735980033875,0.7584072351455688,565.6366196724958,548.8551473003278
2024-01-17,560.530029,47439400,6.328882816456231,-0.0058522475821076725,2.5246677859390667,0.6167568564414978,0.7525549530982971,562.382938036866,565.6366196724958
2024-01-18,571.070007,49165000,6.347511806343881,0.018628989887650604,2.5432967758267173,0.6322475075721741,0.771183967590332,572.9518422689916,562.382938036866
2024-01-19,594.909973,54210300,6.388410088215387,0.040898281871506015,2.5841950576982233,0.6442550420761108,0.8120822310447693,596.8145406778758,572.9518422689916
2024-01-22,596.539978,45295500,6.391146260247741,0.0027361720323533234,2.5869312297305767,0.6621670126914978,0.8148184418678284,598.4789676000676,596.8145406778758
2024-01-23,598.72998,29465400,6.39481071184044,0.003664451592698903,2.5905956813232756,0.685295045375824,0.8184828758239746,600.7143372245978,598.4789676000676
2024-01-24,613.619995,56027100,6.419375835897611,0.024565124057171595,2.615160805380447,0.6997173428535461,0.8430479764938354,615.6331785863134,600.7143372245978
2024-01-25,616.169983,48277700,6.423522871895878,0.004147035998267157,2.6193078413787143,0.7241150736808777,0.847195029258728,618.2328877732757,615.6331785863134
2024-01-26,610.309998,39030900,6.413967021523424,-0.009555850372453989,2.6097519910062603,0.746498167514801,0.8376391530036926,612.4195976022515,618.2328877732757
2024-01-29,624.650024,34873300,6.437191531299353,0.023224509775928937,2.6329765007821893,0.7535554766654968,0.8608636856079102,626.7745643575824,612.4195976022515
2024-01-30,627.73999,41073500,6.442126052072247,0.004934520772893691,2.637911021555083,0.7649663686752319,0.8657982349395752,629.8889121023428,626.7745643575824
2024-01-31,615.27002,45379500,6.422061228359805,-0.020064823712441893,2.617846197842641,0.7784000039100647,0.8457334041595459,617.4480047091854,629.8889121023428
2024-02-01,630.27002,36914600,6.446148330736078,0.02408710237627254,2.6419333002189136,0.780194103717804,0.8698204755783081,632.4519157384727,617.4480047091854
2024-02-02,661.599976,47578000,6.494661107433785,0.048512776697707594,2.690446076916621,0.7845802307128906,0.9183332920074463,663.7914628287655,632.4519157384727
2024-02-05,693.320007,68007800,6.541491663169458,0.04683055573567252,2.7372766326522937,0.8033719658851624,0.9651638269424438,695.553065043184,663.7914628287655
2024-02-06,682.22998,68311100,6.52536681507582,-0.016124848093637567,2.721151784558656,0.8241687417030334,0.9490389823913574,684.5099647211708,695.553065043184
2024-02-07,700.98999,49557500,6.552493607332065,0.027126792256244592,2.7482785768149007,0.8422560095787048,0.976165771484375,703.3115886219705,684.5099647211708
2024-02-08,696.409973,41442200,6.5459385285841405,-0.00655507874792427,2.7417234980669765,0.877301037311554,0.9696106910705566,698.8143745511479,703.3115886219705
2024-02-09,721.330017,43663700,6.581096753783073,0.035158225198932413,2.776881723265909,0.9082878828048706,1.004768967628479,723.8100897211835,698.8143745511479
2024-02-12,722.47998,61371000,6.582689710260116,0.0015929564770429394,2.778474679742952,0.9318787455558777,1.0063618421554565,725.0192553512835,723.8100897211835
2024-02-13,721.280029,60258000,6.581027451617656,-0.0016622586424599461,2.776812421100492,0.9395151138305664,1.0046995878219604,723.8387694196414,725.0192553512835
2024-02-14,739.0,50491700,6.6052979209482015,0.024270469330545552,2.8010828904310374,0.955562949180603,1.0289701223373413,741.6001339142467,723.8387694196414
2024-02-15,726.580017,42012200,6.588348617344503,-0.016949303603698063,2.7841335868273394,0.9671022295951843,1.0120208263397217,729.2103283667865,741.6001339142467
2024-02-16,726.130005,49391800,6.587729069041567,-0.0006195483029367566,2.7835140385244026,0.9814391732215881,1.0114011764526367,728.798298616664,729.2103283667865
2024-02-20,694.52002,70483300,6.543220988272804,-0.04450808076876278,2.73900595775564,0.9836799502372742,0.9668931365013123,697.1942993715378,728.798298616664
2024-02-21,674.719971,69029800,6.514297747017457,-0.028923241255347065,2.7100827165002928,0.9780807495117188,0.9379699230194092,677.3793183871403,697.1942993715378
2024-02-22,785.380005,86510000,6.666167683454676,0.1518699364372189,2.8619526529375117,0.9681059122085571,1.0898398160934448,788.0129576898763,677.3793183871403
2024-02-23,788.169983,82938800,6.669713781061864,0.003546097607188159,2.8654987505447,0.9725990891456604,1.093385934829712,790.8147926298958,788.0129576898763
2024-02-26,790.919983,50397300,6.673196803358672,0.0034830222968080804,2.868981772841508,0.985016942024231,1.0968689918518066,793.5978402523592,790.8147926298958
2024-02-27,787.01001,39170500,6.6682409675233005,-0.004955835835371403,2.8640259370061365,0.9982454776763916,1.091913104057312,789.7235267237728,793.5978402523592
2024-02-28,776.630005,39311000,6.654964052914838,-0.013276914608462143,2.8507490223976744,1.0295474529266357,1.0786361694335938,779.4298035073375,789.7235267237728
2024-02-29,791.119995,50728900,6.673449656641582,0.01848560372674335,2.8692346261244177,1.0795224905014038,1.0971218347549438,794.0632687742722,779.4298035073375
2024-03-01,822.789978,47677700,6.712700977344873,0.039251320703291626,2.9084859468277093,1.0810518264770508,1.1363731622695923,825.7377564724619,794.0632687742722
2024-03-04,852.369995,61561600,6.748020698994864,0.035319721649990754,2.9438056684777,1.0881567001342773,1.1716928482055664,855.3387916433876,825.7377564724619
2024-03-05,859.640015,52063900,6.75651371440617,0.008493015411305649,2.9522986838890057,1.1007874011993408,1.1801859140396118,862.6465474394136,855.3387916433876
2024-03-06,887.0,58252000,6.787844982309579,0.031331267903409454,2.983629951792415,1.1183438301086426,1.211517095565796,890.059782485013,862.6465474394136
2024-03-07,926.690002,60811900,6.8316190997139,0.04377411740432091,3.027404069196736,1.149423599243164,1.255291223526001,929.8463750494412,890.059782485013
2024-03-08,875.280029,113299600,6.774543868300789,-0.057075231413111105,2.970328837783625,1.186565637588501,1.1982160806655884,878.5558405423749,929.8463750494412
2024-03-11,857.73999,67836400,6.754301011603427,-0.02024285669736159,2.9500859810862634,1.2061434984207153,1.1779731512069702,861.0805668391894,878.5558405423749
2024-03-12,919.130005,66807500,6.823427575897997,0.06912656429456998,3.0192125453808334,1.2125377655029297,1.247099757194519,922.4920108180015,861.0805668391894
2024-03-13,908.880005,63571300,6.812213077762926,-0.011214498135071693,3.0079980472457617,1.2288129329681396,1.2358852624893188,912.2971757170205,922.4920108180015
2024-03-14,879.440002,60231800,6.779285343544783,-0.0329277342181431,2.9750703130276186,1.2352608442306519,1.2029575109481812,882.8792775188884,912.2971757170205
2024-03-15,878.369995,64019300,6.778067911474213,-0.0012174320705700126,2.9738528809570486,1.219096064567566,1.201740026473999,881.7541223180301,882.8792775188884
2024-03-18,884.549988,66897600,6.785079027548402,0.007011116074189694,2.9808639970312383,1.2213033437728882,1.2087512016296387,887.9415932818282,881.7541223180301
2024-03-19,893.97998,67217100,6.795683381186753,0.010604353638350439,2.9914683506695887,1.2345939874649048,1.219355583190918,897.4169627792887,887.9415932818282
2024-03-20,903.719971,47906300,6.806519545811675,0.010836164624921985,3.0023045152945107,1.2252826690673828,1.230191707611084,907.125099471255,897.4169627792887
2024-03-21,914.349976,48037200,6.8182134040724875,0.011693858260812817,3.0139983735553235,1.219423532485962,1.2418855428695679,917.7352116926271,907.125099471255
2024-03-22,942.890015,58521500,6.848949642745394,0.030736238672906424,3.04473461222823,1.2269965410232544,1.272621750831604,946.3009844293454,917.7352116926271
2024-03-25,950.02002,55213600,6.85648305805675,0.007533415311356428,3.0522680275395864,1.2413486242294312,1.2801551818847656,953.480296932735,946.3009844293454
2024-03-26,925.609985,51364800,6.830452963418516,-0.02603009463823458,3.026237932901352,1.256803274154663,1.2541251182556152,929.124154675442,953.480296932735
2024-03-27,902.5,58606700,6.805168690207036,-0.02528427321148019,3.0009536596898716,1.2669799327850342,1.2288408279418945,906.0501147708621,929.124154675442
2024-03-28,903.559998,43449800,6.806342514025608,0.0011738238185721173,3.0021274835084437,,,,906.0501147708621
